Name,Website,http://kspress.com/,wikipedia,phone,fax,Address,editor,twitter,facebook,contact page,user forum
"Abilene Reflector-Chronicle, The",http://abilene-rc.com,http://kspress.com/viewRecord.php?recid=1002,https://en.wikipedia.org/wiki/The_Abilene_Reflector-Chronicle,785-263-1000,785-263-1645,"303 N Broadway Abilene, Kansas  67410-0008","Tim Horan
Email        editor@abilene-rc.com",https://twitter.com/AbileneRC1,https://www.facebook.com/AbileneRC,http://www.abilene-rc.com/1communityindexbody.lasso?-token.miscgetlppage=easyaddletter1.lasso,
Active Aging,,http://kspress.com/viewRecord.php?recid=587,,,,,,,,,
Advocate,http://advocate.kckcc.edu/Pages/default.aspx,http://kspress.com/viewRecord.php?recid=2715,"https://en.wikipedia.org/wiki/Advocate,_Student_Newspaper",913-288-7229,Fax: 913-288-7617 (Please call the news desk first),"The Advocate
7250 State Ave.
Kansas City, KS 66112",advocate@kckcc.edu,,,,
Advocate of Phillips County,???,http://kspress.com/viewRecord.php?recid=1746,,(785) 543-2349,,,,,,,
Anderson County Advocate,,http://kspress.com/viewRecord.php?recid=1414,,,,,,,,,
Anderson County Review,,http://kspress.com/viewRecord.php?recid=259,,,,,,,,,
"Andover American, The",http://andoveramerican.com,,,,,"Andover, Kansas",,,,,
"Andover Journal-Advocate, The",http://andoverjournal.com,,,,,"Andover, Kansas",,,,,
"Anthony Republican, The",http://anthonyrepublicannews.com,http://kspress.com/viewRecord.php?recid=54,,,,"Anthony, Kansas",,,,,
Ark Valley News,,http://kspress.com/viewRecord.php?recid=55,,,,,,,,,
"Arkansas City Traveler, The",http://www.arkcity.net/,http://kspress.com/viewRecord.php?recid=56,https://en.wikipedia.org/wiki/The_Arkansas_City_Traveler,,,,,,,,
"Atchison Daily Globe - Atchison,KS",www.atchisondailyglobe.com,http://kspress.com/viewRecord.php?recid=57,https://en.wikipedia.org/wiki/Atchison_Daily_Globe,(913) 367-0583,(913) 367-7531,"308 Commercial Street Atchison, KS 66002",Joe Warren <joewarren@npgco.com>,https://twitter.com/AtchisonGlobe/atchison-globe,https://www.facebook.com/pages/Atchison-Globe/81864779191,https://atchisonglobenow-dot-com.bloxcms-ny1.com/site/forms/online_services/submit_news/,
Atchison Globe/Hiawatha World Combo,,http://kspress.com/viewRecord.php?recid=3521,,,,,,,,,
Attica Independent,,http://kspress.com/viewRecord.php?recid=33,,,,,,,,,
Augusta Daily Gazette,http://www.butlercountytimesgazette.com/,,https://en.wikipedia.org/wiki/Augusta_Daily_Gazette,,,"Augusta, Kansas",,,,,
Baker Orange,,http://kspress.com/viewRecord.php?recid=1338,,,,,,,,,
"Baldwin City Signal - Baldwin City,KS",http://signal.baldwincity.com/,http://kspress.com/viewRecord.php?recid=1586,https://en.wikipedia.org/wiki/Baldwin_City_Signal,Phone: (785) 594-7080,Fax: (785) 594-7084,"Address: 703 High Street Baldwin City, KS 66006",jmyrick@baldwincity.com : editor@baldwincity.com,https://twitter.com/baldwincity,https://www.facebook.com/baldwincity,http://signal.baldwincity.com/submit/letter/,http://signal.baldwincity.com/weblogs/
Basehore Sentinal,http://basehorinfo.com,http://kspress.com/viewRecord.php?recid=64,https://en.wikipedia.org/wiki/Basehore_Sentinal,913-845-2222,,"Basehor, Kansas","Nico Roesler, staff writer. E-mail: nroesler@theworldco.info",,,http://www.basehorinfo.com/about/contact/,http://www.basehorinfo.com/accounts/login/?next=/submit/letter/
Belle Plaine News,,http://kspress.com/viewRecord.php?recid=66,,,,,,,,,
Belleville Telescope,http://thebellevilletelescope.com/,http://kspress.com/viewRecord.php?recid=67,https://en.wikipedia.org/wiki/Belleville_Telescope,785-527-2244,785-527-2225,"1805 N Street Belleville, Kan. 66935",Deb Hadachek Editor dhadachek@gmail.com,https://twitter.com/Telescope_News,https://www.facebook.com/pages/The-Belleville-Telescope/126240344112700,,http://thebellevilletelescope.com/content/submit-article-submission
Beloit Call,,http://kspress.com/viewRecord.php?recid=68,,(800) 794-3913 785-738-3537,Fax 785-738-6442,"119 E Main St
Beloit, Kansas 67420
http://www.beloitks.org/","Rick Horn
Email beloitcall@nckcn.com",,,,
Best Times,,http://kspress.com/viewRecord.php?recid=588,,,,,,,,,
Bethel Collegian,,http://kspress.com/viewRecord.php?recid=2914,,,,,,,,,
Bird City Times,,http://kspress.com/viewRecord.php?recid=69,,,,,,,,,
Blue Rapids Free Press,,http://kspress.com/viewRecord.php?recid=3328,,,,,,,,,
Bonner Springs Chieftain,http://bonnersprings.com,http://kspress.com/viewRecord.php?recid=3281,,,,"Bonner Springs, Kansas",,,,,
Buccaneer,,http://kspress.com/viewRecord.php?recid=1419,,,,,,,,,
Bucklin Banner,,http://kspress.com/viewRecord.php?recid=73,,,,,,,,,
Bulletin,http://esubulletin.com/,http://kspress.com/viewRecord.php?recid=949,,,,Emporia State University,,,,,
Butler County Times-Gazette,,http://kspress.com/viewRecord.php?recid=3526,,,,,,,,,
Caldwell Messenger,,http://kspress.com/viewRecord.php?recid=37,,,,,,,,,
Campus,http://www.oucampus.org/,,,,,Ottawa University,,,,,
Campus Ledger,www.campusledger.com,http://kspress.com/viewRecord.php?recid=2723,,,,,,,,,
Cawker City Ledger,,http://kspress.com/viewRecord.php?recid=78,,,,,,,,,
Cedar Vale Lookout,,http://kspress.com/viewRecord.php?recid=1540,,,,,,,,,
Change_of_Heart_(street_paper),??,,https://en.wikipedia.org/wiki/Change_of_Heart_(street_paper),,,,,,,,
Chanute Tribune ,http://chanute.com,http://kspress.com/viewRecord.php?recid=1168,,,,"Chanute, Kansas",,,,,
Chapman & Enterprise News-Times,,http://kspress.com/viewRecord.php?recid=1880,,,,,,,,,
Chase County Leader-News,,http://kspress.com/viewRecord.php?recid=1020,,,,,,,,,
Cherokee County News-Advocate,,http://kspress.com/viewRecord.php?recid=99,,,,,,,,,
Chronicle Christian News,,http://kspress.com/viewRecord.php?recid=3037,,,,,,,,,
Cimarron Jacksonian,,http://kspress.com/viewRecord.php?recid=87,,,,,,,,,
Circuit,,http://kspress.com/viewRecord.php?recid=1340,,,,,,,,,
Clarion,,http://kspress.com/viewRecord.php?recid=338,,,,,,,,,
Clark County Clipper,,http://kspress.com/viewRecord.php?recid=88,,,,,,,,,
Clark County Gazette,,http://kspress.com/viewRecord.php?recid=3154,,,,,,,,,
Clay Center Dispatch,http://zwire.com/site/news.cfm?brd=1160,http://kspress.com/viewRecord.php?recid=89,,,,"Clay Center, Kansas",,,,,
Clyde Republican,,http://kspress.com/viewRecord.php?recid=1416,,,,,,,,,
Coffey County Republican,,http://kspress.com/viewRecord.php?recid=95,,,,,,,,,
Coffeyville Journal,,http://kspress.com/viewRecord.php?recid=1218,,,,"Coffeyville, Kansas",,,,,
Colby Free Press,http://www.nwkansas.com/,http://kspress.com/viewRecord.php?recid=1848,https://en.wikipedia.org/wiki/Colby_Free_Press,,,"Colby, Kansas",,,,,
Collegian,,http://kspress.com/viewRecord.php?recid=1346,,,,,,,,,
Collegio,http://psucollegio.com/,http://kspress.com/viewRecord.php?recid=1463,,,,Pittsburg State University,,,,,
Columbus News Report,,http://kspress.com/viewRecord.php?recid=3396,,,,,,,,,
Community Voice,,http://kspress.com/viewRecord.php?recid=1380,,,,,,,,,
Concordia Blade-Empire,http://www.bladeempire.com/,http://kspress.com/viewRecord.php?recid=100,https://en.wikipedia.org/wiki/Concordia_Blade-Empire,,,"Concordia, Kansas",,,,,
Conquistador,,http://kspress.com/viewRecord.php?recid=467,,,,,,,,,
Conway Springs Star and Argonia Argosy,,http://kspress.com/viewRecord.php?recid=39,,,,,,,,,
Council Grove Republican,,http://kspress.com/viewRecord.php?recid=2976,,,,,,,,,
Courier-Tribune ,http://couriertribuneonline.com,,,,,"Seneca, Kansas",,,,,
Courtland Journal,,http://kspress.com/viewRecord.php?recid=533,,,,,,,,,
Cowley Press,,http://kspress.com/viewRecord.php?recid=464,,,,,,,,,
Crusader,,http://kspress.com/viewRecord.php?recid=1757,,,,,,,,,
Cunningham Courier,,http://kspress.com/viewRecord.php?recid=503,,,,,,,,,
Daily Union,http://dailyu.com,,,,,"Junction City, Kansas",,,,,
"De Soto Explorer - Lawrence,KS",http://www.desotoexplorer.com,,https://en.wikipedia.org/wiki/The_De_Soto_Explorer,Phone: (913) 585-1616,Fax: (913) 542-3290,"Address: 645 New Hampshire Street Lawrence, KS 66044",editor@desotoexplorer.com,https://twitter.com/desotoexplorer,https://www.facebook.com/DeSotoExplorer?ref=br_tf,http://www.desotoexplorer.com/about/contact/,http://www.desotoexplorer.com/accounts/login/?next=/submit/
Derby Informer,,http://kspress.com/viewRecord.php?recid=1859,,,,,,,,,
Derby Weekly Informer ,http://derbyinformer.com,http://kspress.com/viewRecord.php?recid=3327,,,,"Derby, Kansas",,,,,
Dighton Herald,,http://kspress.com/viewRecord.php?recid=109,,,,,,,,,
Dodge City Daily Globe,http://www.dodgeglobe.com/,http://kspress.com/viewRecord.php?recid=6,https://en.wikipedia.org/wiki/Dodge_City_Daily_Globe,,,"Dodge City, Kansas",,,,,
Dos Mundos,,http://kspress.com/viewRecord.php?recid=1621,,,,,,,,,
Downs News & Times,http://downsnews.com,,,,,"Downs, Kansas",,,,,
Downs News and Times,,http://kspress.com/viewRecord.php?recid=111,,,,,,,,,
Edwards County Sentinel,,http://kspress.com/viewRecord.php?recid=303,,,,"Kinsley, Kansas",,,,,
El Lider,,http://kspress.com/viewRecord.php?recid=3300,,,,,,,,,
Eldorado Times,http://www.butlercountytimesgazette.com/,,https://en.wikipedia.org/wiki/The_El_Dorado_Times,,,,,,,,
Elkhart Tri-State News,,http://kspress.com/viewRecord.php?recid=114,,,,,,,,,
Ellinwood Leader,,http://kspress.com/viewRecord.php?recid=115,,,,,,,,,
Ellis Review,,http://kspress.com/viewRecord.php?recid=117,,,,,,,,,
Ellsworth County Independent/Reporter,,http://kspress.com/viewRecord.php?recid=1584,,,,,,,,,
Emporia_Gazette,http://www.emporiagazette.com/,http://kspress.com/viewRecord.php?recid=2975,https://en.wikipedia.org/wiki/Emporia_Gazette,,,,,,,,
Erie Record,,http://kspress.com/viewRecord.php?recid=120,,,,,,,,,
"Eudora News - Lawrence,KS",http://www.eudoranews.com/,,,Phone: (785) 832-7154,,"Address: 645 New Hampshire Street Lawrence, KS 66044",editor@eudoranews.com,https://twitter.com/eudoranews,?,http://www.eudoranews.com/about/contact/,
Eureka Herald,http://eurekaherald.com,http://kspress.com/viewRecord.php?recid=42,,,,"Eureka, Kansas",,,,,
Fairview_Enterprise,????,http://kspress.com/viewRecord.php?recid=125,https://en.wikipedia.org/wiki/Fairview_Enterprise,,,"420 W Commercial St
Fairview, Kansas 66425
Phone (785) 467-3461",,,,,
Fort Leavenworth Lamp,http://ftleavenworthlamp.com,http://kspress.com/viewRecord.php?recid=1356,,,,"Fort Leavenworth, Kansas",,,,,
Fort Riley -The 1st Infantry Division,,http://kspress.com/viewRecord.php?recid=442,,,,,,,,,
Fort Scott Tribute,http://www.fstribune.com/,http://kspress.com/viewRecord.php?recid=1531,https://en.wikipedia.org/wiki/Fort_Scott_Tribune,,,,,,,,
Frankfort Area News,,http://kspress.com/viewRecord.php?recid=632,,,,,,,,,
Galena Sentinel-Times,,http://kspress.com/viewRecord.php?recid=256,,,,,,,,,
Garden City Telegram,http://gctelegram.com,http://kspress.com/viewRecord.php?recid=9,https://en.wikipedia.org/wiki/Garden_City_Telegram,,,"Garden City, Kansas",,,,,
Gardner News,,http://kspress.com/viewRecord.php?recid=44,,,,,,,,,
Girard Press,http://www.morningsun.net/x1445722346/Girard-Press-to-close-March-25,,,,,"Girard, Kansas",,,,,
Glasco Sun/Delphos Republican,,http://kspress.com/viewRecord.php?recid=1532,,,,,,,,,
Goodland Star-News,,http://kspress.com/viewRecord.php?recid=2727,,,,,,,,,
Gove County Advocate,,http://kspress.com/viewRecord.php?recid=1537,,,,,,,,,
Grass & Grain,,http://kspress.com/viewRecord.php?recid=3437,,,,,,,,,
Great Bend Tribune,http://gbtribune.com,http://kspress.com/viewRecord.php?recid=26,,,,"Great Bend, Kansas",,,,,
Greeley County Republican,,http://kspress.com/viewRecord.php?recid=1539,,,,,,,,,
Gyp Hill Premiere,,http://kspress.com/viewRecord.php?recid=1536,,,,,,,,,
Hanover News,,http://kspress.com/viewRecord.php?recid=269,,,,,,,,,
Harper Advocate,,http://kspress.com/viewRecord.php?recid=270,,,,,,,,,
Harvey County Independent,,http://kspress.com/viewRecord.php?recid=268,,,,,,,,,
Haskell County Monitor-Chief,,http://kspress.com/viewRecord.php?recid=271,,,,,,,,,
Hays Daily News,http://hdnews.net,http://kspress.com/viewRecord.php?recid=433,https://en.wikipedia.org/wiki/Hays_Daily_News,,,"507 N. Main
Hays, Kansas 67601-0857
United States",,,,,
Haysville Sun-Times,,http://kspress.com/viewRecord.php?recid=1613,,,,,,,,,
Herington Times,,http://kspress.com/viewRecord.php?recid=276,,,,,,,,,
Hesston Record,,http://kspress.com/viewRecord.php?recid=277,,,,,,,,,
Hiawatha World,http://hiawathaworldonline.com,http://kspress.com/viewRecord.php?recid=2736,,,,"Hiawatha, Kansas",,,,,
High Plains Journal,http://hpj.com,http://kspress.com/viewRecord.php?recid=1024,,,,"Dodge City, Kansas",,,,,
Highlighter - Wichita Heights High School,,http://kspress.com/viewRecord.php?recid=3459,,,,,,,,,
Hill City Times,,http://kspress.com/viewRecord.php?recid=280,,,,,,,,,
Hillsboro Free Press,http://www.hillsborofreepress.com/,http://kspress.com/viewRecord.php?recid=1772,https://en.wikipedia.org/wiki/Hillsboro_Free_Press,,,"Hillsboro, Kansas",,,,,
Hillsboro_Star-Journal,http://starj.com/,http://kspress.com/viewRecord.php?recid=1763,https://en.wikipedia.org/wiki/Hillsboro_Star-Journal,,,"117 South 3rd Street
Marion, Kansas 66861
United States",,,,,
Hoisington Dispatch,,http://kspress.com/viewRecord.php?recid=282,,,,,,,,,
Holton Recorder ,http://holtonrecorder.com,http://kspress.com/viewRecord.php?recid=283,,,,"Holton, Kansas",,,,,
Hometown Girard,,http://kspress.com/viewRecord.php?recid=3518,,,,,,,,,
Horizon,,http://kspress.com/viewRecord.php?recid=1619,,,,,,,,,
Horton Headlight,,http://kspress.com/viewRecord.php?recid=284,,,,,,,,,
Hoxie Sentinel,,http://kspress.com/viewRecord.php?recid=286,,,,,,,,,
Hugoton Hermes,,http://kspress.com/viewRecord.php?recid=1167,,,,,,,,,
Humboldt Union,,http://kspress.com/viewRecord.php?recid=3194,,,,,,,,,
Hutchinson News,http://hutchnews.com,http://kspress.com/viewRecord.php?recid=1726,,,,"Hutchinson, Kansas",,,,,
Hype Weekly,http://thehypeweekly.com,,,,,"Manhattan, Kansas",,,,,
Independence Daily Reporter,,http://kspress.com/viewRecord.php?recid=290,,,,"Independence, Kansas",,,,,
Independence News,,http://kspress.com/viewRecord.php?recid=1831,,,,,,,,,
Ink,,http://kspress.com/viewRecord.php?recid=3320,,,,,,,,,
Interrobang,,http://kspress.com/viewRecord.php?recid=1339,,,,,,,,,
Iola Register,http://iolaregister.com,http://kspress.com/viewRecord.php?recid=292,,,,"Iola, Kansas",,,,,
Jackson County Journal,http://jacksoncountyjournal.com,,,,,"Holton, Kansas",,,,,
Jetmore Republican,,http://kspress.com/viewRecord.php?recid=293,,,,,,,,,
Jewell County Record,,http://kspress.com/viewRecord.php?recid=294,,,,,,,,,
Johnson Pioneer,,http://kspress.com/viewRecord.php?recid=297,,,,,,,,,
Junction City Daily Union,,http://kspress.com/viewRecord.php?recid=299,,,,,,,,,
Junction City Daily Union/Wamego Smoke Signal/Abilene Reflector Chronicle,,http://kspress.com/viewRecord.php?recid=3522,,,,,,,,,
Junction_City_Post,http://www.jcpost.com/,,https://en.wikipedia.org/wiki/Junction_City_Post,,,,,,,,
Kansas Chief,,http://kspress.com/viewRecord.php?recid=413,,,,,,,,,
Kansas City Business Journal,,http://kspress.com/viewRecord.php?recid=2722,,,,,,,,,
Kansas City Jewish Chronicle,http://www.kcjc.com/,http://kspress.com/viewRecord.php?recid=296,,,,"The Kansas City Jewish Chronicle
4210 Shawnee Mission Parkway - Suite 314A
Fairway, KS 66205",Barbara Bayer Editor bbayer@metromediapublishers.com (913) 951-8425,,,,
Kansas City Kansan,http://www.kckansan.com/,,https://en.wikipedia.org/wiki/Kansas_City_Kansan,,,"Kansas City,KS","Nick Sloan | nick@kansascitykansan.com 
Executive Publisher
(913)-461-5630",,https://www.facebook.com/KansasCityKansan,,
Kansas City Nursing News,,http://kspress.com/viewRecord.php?recid=1355,,,,,,,,,
Kansas City Record,,http://kspress.com/viewRecord.php?recid=401,,,,,,,,,
Kansas City Star,http://www.kansascity.com/,http://kspress.com/viewRecord.php?recid=3016,https://en.wikipedia.org/wiki/The_Kansas_City_Star,,,"The Star, 1729 Grand Blvd., Kansas City, MO. 64108.","Mike Fannin, Editor and Vice President
816-234-4345

Read more here: http://www.kansascity.com/contact_us/#newsroom#storylink=cpy",,,http://www.kansascity.com/opinion/letters/,
Kansas Senior Times/McGrath Publishing Co.,,http://kspress.com/viewRecord.php?recid=1693,,,,,,,,,
Kansas State Collegian,http://www.kstatecollegian.com/,http://kspress.com/viewRecord.php?recid=538,https://en.wikipedia.org/wiki/Kansas_State_Collegian,,,Kansas State University,,,,,
Keynotes News for Older Kansans,,http://kspress.com/viewRecord.php?recid=1351,,,,,,,,,
Kingman Leader-Courier,,http://kspress.com/viewRecord.php?recid=443,,,,,,,,,
Kiowa County Signal,http://kiowacountysignal.com,http://kspress.com/viewRecord.php?recid=304,,,,"Greensburg, Kansas",,,,,
Kiowa News,http://kiowanews.com,http://kspress.com/viewRecord.php?recid=305,,,,"Kiowa, Kansas",,,,,
La Estrella,,http://kspress.com/viewRecord.php?recid=1578,,,,,,,,,
La Semana,,http://kspress.com/viewRecord.php?recid=1860,,,,,,,,,
La Voz,,http://kspress.com/viewRecord.php?recid=1861,,,,,,,,,
Labette Avenue,,http://kspress.com/viewRecord.php?recid=357,,,,,,,,,
Lakin Independent,,http://kspress.com/viewRecord.php?recid=306,,,,,,,,,
Lansing Chronicle Times ,http://lansingchronicletimes.com,,,,,"Lansing, Kansas",,,,,
Lansing Times,,http://kspress.com/viewRecord.php?recid=2993,,,,,,,,,
Lantern,,http://kspress.com/viewRecord.php?recid=1342,,,,,,,,,
Larned Tiller & Toiler,,http://kspress.com/viewRecord.php?recid=18,,,,,,,,,
Lawrence Journal-World,http://www2.ljworld.com/,http://kspress.com/viewRecord.php?recid=19,https://en.wikipedia.org/wiki/Lawrence_Journal-World,(785) 843-1000,(785) 843-4512,"645 New Hampshire
P.O Box 888
Lawrence, Kansas 66044",letters@ljworld.com.,https://twitter.com/ljworld,https://www.facebook.com/LJWorld,,
Leader & Times,,http://kspress.com/viewRecord.php?recid=3298,,,,,,,,,
Leavenworth Times,http://www.leavenworthtimes.com/,http://kspress.com/viewRecord.php?recid=311,https://en.wikipedia.org/wiki/Leavenworth_Times,Phone:(913) 682-0305,,"422 Seneca St, Leavenworth, KS 66048",General Manager/Executive EditorDale Brendeldbrendel@leavenworthtimes.com,https://twitter.com/LVTimesNews,https://www.facebook.com/the.leavenworth.times,,
Ledger (Moundridge),,http://kspress.com/viewRecord.php?recid=400,,,,,,,,,
Legal Record,,http://kspress.com/viewRecord.php?recid=1437,,,,,,,,,
Leoti Standard,,http://kspress.com/viewRecord.php?recid=1032,,,,,,,,,
Liberal Light,,http://kspress.com/viewRecord.php?recid=1258,,,,,,,,,
Lincoln Sentinel-Republican,,http://kspress.com/viewRecord.php?recid=315,,,,,,,,,
Lindsborg News-Record,,http://kspress.com/viewRecord.php?recid=316,,,,,,,,,
Linn County News,,http://kspress.com/viewRecord.php?recid=317,,,,,,,,,
Linn-Palmer Record,,http://kspress.com/viewRecord.php?recid=318,,,,,,,,,
Logan Republican,,http://kspress.com/viewRecord.php?recid=319,,,,,,,,,
Louisburg Herald,http://www.herald-online.com/,http://kspress.com/viewRecord.php?recid=383,,Phone:(913) 837-4321,Fax: (913) 837-4322,"15 S Broadway St, Louisburg, KS 66053",herald@miconews.com,,,https://herald-online-dot-com.bloxcms-ny1.com/site/forms/online_services/letter/,
Lucas-Sylvan News,,http://kspress.com/viewRecord.php?recid=321,,,,,,,,,
Lyons News,,http://kspress.com/viewRecord.php?recid=2729,,,,,,,,,
Madison News,,http://kspress.com/viewRecord.php?recid=324,,,,,,,,,
Manhattan Free Press,,http://kspress.com/viewRecord.php?recid=1626,,,,,,,,,
Manhattan Mercury,http://themercury.com/,http://kspress.com/viewRecord.php?recid=20,https://en.wikipedia.org/wiki/The_Manhattan_Mercury,,,"318 North 5th Street
Manhattan, KS, 66502
Phone: 785-776-2200
Fax: 785-776-8807",General 785-776-2300 news@themercury.com,,,,
Marion County Record,http://marionrecord.com,http://kspress.com/viewRecord.php?recid=326,https://en.wikipedia.org/wiki/Marion_County_Record,,,"Marion, Kansas",,,,,
Marquette Tribune,,http://kspress.com/viewRecord.php?recid=328,,,,,,,,,
Marysville Advocate,http://marysvilleonline.net,http://kspress.com/viewRecord.php?recid=3419,,,,"Marysville, Kansas",,,,,
McPherson Sentinel,http://www.mcphersonsentinel.com/,http://kspress.com/viewRecord.php?recid=1569,https://en.wikipedia.org/wiki/McPherson_Sentinel,,,"McPherson, Kansas",,,,,
Meade County News,,http://kspress.com/viewRecord.php?recid=331,,,,,,,,,
Merchant's Directory,,http://kspress.com/viewRecord.php?recid=332,,,,,,,,,
"Miami County Republic - Paola,KS",http://www.republic-online.com/,http://kspress.com/viewRecord.php?recid=320,,Office: (913) 294-2311,Fax: (913) 294-5318,"Miami County Republic

121 S. Pearl St.

Paola, KS 66071",republic@miconews.com,,https://www.facebook.com/micorepublic,https://republic-online-dot-com.bloxcms-ny1.com/site/forms/online_services/letter/,
Miltonvale Record,,http://kspress.com/viewRecord.php?recid=334,,,,,,,,,
Minneapolis Messenger,,http://kspress.com/viewRecord.php?recid=335,,,,,,,,,
Mirror (Tonganoxie),,http://kspress.com/viewRecord.php?recid=403,,,,,,,,,
Mission Valley Herald,,http://kspress.com/viewRecord.php?recid=2901,,,,,,,,,
Monitor-Journal (Little River),,http://kspress.com/viewRecord.php?recid=371,,,,,,,,,
Montezuma Press,,http://kspress.com/viewRecord.php?recid=337,,,,,,,,,
Montgomery County Chronicle,,http://kspress.com/viewRecord.php?recid=3278,,,,,,,,,
Morning Sun,http://www.morningsun.net/,,https://en.wikipedia.org/wiki/The_Morning_Sun_(Pittsburg),,,"Pittsburg, Kansas",,,,,
Mulberry Advance,,http://kspress.com/viewRecord.php?recid=339,,,,,,,,,
Mulvane News,,http://kspress.com/viewRecord.php?recid=340,,,,,,,,,
Neodesha Derrick,,http://kspress.com/viewRecord.php?recid=341,,,,,,,,,
Ness County News,,http://kspress.com/viewRecord.php?recid=342,,,,,,,,,
Newsleaf,,http://kspress.com/viewRecord.php?recid=3172,,,,,,,,,
Newton Kansan,http://www.thekansan.com/,http://kspress.com/viewRecord.php?recid=25,https://en.wikipedia.org/wiki/The_Newton_Kansan,,,"121 West Sixth Street,
Newton, Kansas 67114, United States",,,,,
Ngay Nay (World Today),,http://kspress.com/viewRecord.php?recid=1729,,,,,,,,,
Ninnescah Valley News,,http://kspress.com/viewRecord.php?recid=344,,,,,,,,,
Norton Telegram,,http://kspress.com/viewRecord.php?recid=345,,,,,,,,,
Norwich News,,http://kspress.com/viewRecord.php?recid=346,,,,,,,,,
Oakley Graphic,,http://kspress.com/viewRecord.php?recid=347,,,,,,,,,
Oberlin Herald,,http://kspress.com/viewRecord.php?recid=348,,,,,,,,,
"Olathe Daily News - Olathe,KS",http://www.theolathenews.com/,,https://en.wikipedia.org/wiki/The_Olathe_News,(913) 764-2211,,"The Olathe News
514 South Kansas Ave., Olathe, KS 66061","Editor
Richard Espinoza respinoza@theolathenews.com",,,,
Onaga Herald,,http://kspress.com/viewRecord.php?recid=350,,,,,,,,,
Osage County Herald-Chronicle,,http://kspress.com/viewRecord.php?recid=2828,,,,,,,,,
"Osawatomie Graphic - Osawatomie,KS",http://www.graphic-online.com/,http://kspress.com/viewRecord.php?recid=353,,,,,"Publisher

Sandy Nelson

sandynelson@miconews.com

News Editor

Colleen Truelsen

colleen.truelsen@npgco.com",,https://www.facebook.com/OsawatomieGraphic,,
Osborne County Farmer,,http://kspress.com/viewRecord.php?recid=354,,,,,,,,,
Oskaloosa Independent,,http://kspress.com/viewRecord.php?recid=356,,,,,,,,,
"Ottawa Herald - Ottawa,KS",http://www.ottawaherald.com/,http://kspress.com/viewRecord.php?recid=28,https://en.wikipedia.org/wiki/Ottawa_Herald,(785) 242-4700,,"104 S Cedar St, Ottawa, KS 66067","Send Letters to the editor to letters@ottawaherald.com. Please submit your full name, full address and phone number for verification purposes. Only your name and your town name will be published. - See more at: http://ottawaherald.com/submissions/#sthash.NOyY93c3.dpuf",https://twitter.com/oheraldnews,https://www.facebook.com/OttawaHerald,http://ottawaherald.com/submissions/,
Oxford Register,,http://kspress.com/viewRecord.php?recid=360,,,,,,,,,
Parsons Sun,,http://kspress.com/viewRecord.php?recid=362,,,,,,,,,
Peabody Gazette-Bulletin,http://peabodykansas.com/,http://kspress.com/viewRecord.php?recid=363,https://en.wikipedia.org/wiki/Peabody_Gazette-Bulletin,,,"Peabody, Kansas",,,,,
Pelican Press,,http://kspress.com/viewRecord.php?recid=1260,,,,,,,,,
Phillips County Review,,http://kspress.com/viewRecord.php?recid=365,,,,,,,,,
Pitch ,http://pitch.com/,,https://en.wikipedia.org/wiki/The_Pitch_(newspaper),,,,,,,,
Pittsburg Morning Sun,,http://kspress.com/viewRecord.php?recid=366,,,,,,,,,
Plains Guardian,,http://kspress.com/viewRecord.php?recid=3329,,,,,,,,,
Plainville Times,,http://kspress.com/viewRecord.php?recid=367,,,,,,,,,
Prairie Post,,http://kspress.com/viewRecord.php?recid=32,,,,,,,,,
Prairie Star,,http://kspress.com/viewRecord.php?recid=381,,,,,,,,,
Prairie Sun Weekly,,http://kspress.com/viewRecord.php?recid=3474,,,,,,,,,
Pratt American,,http://kspress.com/viewRecord.php?recid=3180,,,,,,,,,
Pratt Tribune,pratttribune.com,http://kspress.com/viewRecord.php?recid=368,https://en.wikipedia.org/wiki/The_Pratt_Tribune,,,"Pratt, Kansas",,,,,
Protection Press,,http://kspress.com/viewRecord.php?recid=369,,,,,,,,,
Rawlins County Square Deal,,http://kspress.com/viewRecord.php?recid=982,,,,,,,,,
Record (Turon),,http://kspress.com/viewRecord.php?recid=289,,,,,,,,,
Review,,http://kspress.com/viewRecord.php?recid=1620,,,,,,,,,
Riley Countian,,http://kspress.com/viewRecord.php?recid=1716,,,,,,,,,
Rose Hill Reporter,,http://kspress.com/viewRecord.php?recid=373,,,,,,,,,
Rural Messenger,,http://kspress.com/viewRecord.php?recid=3323,,,,,,,,,
Rush County News,,http://kspress.com/viewRecord.php?recid=374,,,,"La Crosse, Kansas",,,,,
Russell County News,,http://kspress.com/viewRecord.php?recid=375,,,,,,,,,
Sabetha Herald,,http://kspress.com/viewRecord.php?recid=1509,,,,,,,,,
Salina Journal,http://www.salina.com/,http://kspress.com/viewRecord.php?recid=912,https://en.wikipedia.org/wiki/The_Salina_Journal,,,"The Salina Journal
333 S. 4th St.
Salina, KS 67401
785-823-6363 or 800-827-6363
Fax: 785-823-3207 - See more at: http://www.salina.com/aboutus/#sthash.1NdoE6JK.dpuf","M. Olaf Frandsen
Editor & Publisher
785-823-6363
ofrandsen@salina.com
- See more at: http://www.salina.com/aboutus/#sthash.1NdoE6JK.dpuf",,,,
Scott County Record,,http://kspress.com/viewRecord.php?recid=1035,,,,,,,,,
Sedgwick County Post,,http://kspress.com/viewRecord.php?recid=2754,,,,,,,,,
Seneca Courier-Tribune,,http://kspress.com/viewRecord.php?recid=1538,,,,,,,,,
"Shawnee Dispatch - Shawnee,KS",http://www.shawneedispatch.com/,http://kspress.com/viewRecord.php?recid=2742,,(913) 962-3000,,"6301 Pflumm Rd, Shawnee, KS 66216",,,,,
Silhouette,,http://kspress.com/viewRecord.php?recid=1345,,,,,,,,,
Smith County Pioneer,,http://kspress.com/viewRecord.php?recid=385,,,,,,,,,
South Haven New Era,,http://kspress.com/viewRecord.php?recid=387,,,,,,,,,
Spearville News,,http://kspress.com/viewRecord.php?recid=389,,,,,,,,,
Spectator,,http://kspress.com/viewRecord.php?recid=1622,,,,,,,,,
St John News,sjnewsonline.com,,,,,"St John, Kansas",,,,,
St. Francis Herald,,http://kspress.com/viewRecord.php?recid=392,,,,,,,,,
St. John News,,http://kspress.com/viewRecord.php?recid=394,,,,,,,,,
St. Marys Star,,http://kspress.com/viewRecord.php?recid=393,,,,,,,,,
Stafford Courier,,http://kspress.com/viewRecord.php?recid=395,,,,,,,,,
Sterling Bulletin,,http://kspress.com/viewRecord.php?recid=396,,,,,,,,,
Sterling Stir,,http://kspress.com/viewRecord.php?recid=2915,,,,,,,,,
Stockton Sentinel,,http://kspress.com/viewRecord.php?recid=397,,,,,,,,,
Sunflower,http://www.thesunflower.com/,http://kspress.com/viewRecord.php?recid=486,,,,Wichita State University,,,,,
Syracuse Journal,,http://kspress.com/viewRecord.php?recid=399,,,,,,,,,
The_Coffeyville_Journal,???,,https://en.wikipedia.org/wiki/The_Coffeyville_Journal,,,"Coffeyville Journal 




Contact Information
Phone: 251-3300


Address
P.O. Box 849
8th & Elm
Coffeyville, KS 67337",,,,,
The_Daily_Union,http://www.thedailyunion.net/,,https://en.wikipedia.org/wiki/The_Daily_Union,,,,,,,,
The_Hutchinson_News,http://www.hutchnews.com/,,https://en.wikipedia.org/wiki/The_Hutchinson_News,,,,,,,,
The_Monitor,http://kcmonitor.com/,,https://en.wikipedia.org/wiki/The_Monitor_(Kansas_City),,,Kansas_City,,,,,
Tiempos,,http://kspress.com/viewRecord.php?recid=2908,,,,,,,,,
Times-Sentinel,http://tsnews.com,http://kspress.com/viewRecord.php?recid=1255,,,,"Cheney, Kansas",,,,,
Tioga Times,,http://kspress.com/viewRecord.php?recid=3519,,,,,,,,,
Tipton Times,,http://kspress.com/viewRecord.php?recid=3280,,,,,,,,,
Tonganoxie Mirror,http://www.tonganoxiemirror.com/,,,(913) 845-2222,,"520 E 4th St, Tonganoxie, KS 66086",,https://twitter.com/tonganoxie,https://www.facebook.com/TonganoxieMirror,http://www.tonganoxiemirror.com/accounts/login/?next=/submit/letter/,
Topeka Capital-Journal,http://cjonline.com/,http://kspress.com/viewRecord.php?recid=404,https://en.wikipedia.org/wiki/The_Topeka_Capital-Journal,,,"616 SE Jefferson
Topeka KS 66607
(785) 295-1111
1-800-777-7171
Fax (785) 295-1230","letters@cjonline.com Editor and director of audience development: Tomari Quinn
295-1212 | tomari.quinn@cjonline.com",,,,
"Topeka Metro News, The",,http://kspress.com/viewRecord.php?recid=537,,,,,,,,,
Trojan Express,,http://kspress.com/viewRecord.php?recid=2716,,,,,,,,,
Ulysses News,,http://kspress.com/viewRecord.php?recid=406,,,,,,,,,
University Daily Kansan,http://kansan.com/,http://kspress.com/viewRecord.php?recid=2730,https://en.wikipedia.org/wiki/University_Daily_Kansan,,,University of Kansas,,,,,
University Leader,http://tmn.fhsu.edu/,http://kspress.com/viewRecord.php?recid=481,,,,Fort Hays State University,,,,,
Valley Falls Vindicator,,http://kspress.com/viewRecord.php?recid=408,,,,,,,,,
Vantage,,http://kspress.com/viewRecord.php?recid=2916,,,,,,,,,
Wabaunsee County Signal-Enterprise,,http://kspress.com/viewRecord.php?recid=1328,,,,,,,,,
Wamego Smoke Signal,http://www.thewamegosmokesignal.com/,http://kspress.com/viewRecord.php?recid=409,,,,"Wamego, Kansas",,,,,
Wamego Times,,http://kspress.com/viewRecord.php?recid=1530,,,,,,,,,
Washington County News,,http://kspress.com/viewRecord.php?recid=411,,,,,,,,,
Wellington Daily News,wellingtondailynews.com,http://kspress.com/viewRecord.php?recid=29,https://en.wikipedia.org/wiki/The_Wellington_Daily_News,,,"Wellington , Kansas",,,https://www.facebook.com/WellingtonDailyNews,,
Western Kansas World,,http://kspress.com/viewRecord.php?recid=416,,,,,,,,,
Western Star,,http://kspress.com/viewRecord.php?recid=402,,,,,,,,,
Western Times,,http://kspress.com/viewRecord.php?recid=418,,,,,,,,,
Westmoreland Recorder,,http://kspress.com/viewRecord.php?recid=419,,,,,,,,,
Wichita Business Journal,,http://kspress.com/viewRecord.php?recid=1259,,,,,,,,,
Wichita Eagle,http://www.kansas.com/,http://kspress.com/viewRecord.php?recid=969,https://en.wikipedia.org/wiki/The_Wichita_Eagle,316-268-6000,,"825 East Douglas Avenue
Wichita, KS 67202
USA",,https://twitter.com/kansasdotcom,,http://www.kansas.com/opinion/letters/submit/,
WICHITA ESPECTADOR,,http://kspress.com/viewRecord.php?recid=3499,,,,,,,,,
Wilson County Citizen,,http://kspress.com/viewRecord.php?recid=3036,,,,,,,,,
Winfield Daily Courier,http://www.winfieldcourier.com/,http://kspress.com/viewRecord.php?recid=30,https://en.wikipedia.org/wiki/The_Winfield_Daily_Courier,(620) 221-1050 or (800) 532-1605.,(620) 221-1101.,"The Winfield Daily Courier

P.O. Box 543

201 E. 9th Ave.

Winfield, KS 67156",Send letters to the editor to zaccaria@winfieldcourier.com,,https://www.facebook.com/winfieldcourier?ref=stream,https://winfieldcourier-dot-com.bloxcms.com/site/forms/online_services/letter/,
Wyandotte County Business News,,http://kspress.com/viewRecord.php?recid=1769,,,,,,,,,
Wyandotte Daily News,,http://kspress.com/viewRecord.php?recid=428,,,,,,,,,
Wyandotte Echo,,http://kspress.com/viewRecord.php?recid=1534,,,,,,,,,
"Wyandotte West - Kansas City,KS",http://www.wyandottedailynews.com/about,,,: 913-788-5565,,"P. O. Box 12003, Kansas City, KS 66112-12003","Editor Mary Rupert is a skilled, professional, award-winning journalist. She may be reached via email at maryr@WyandottePublishing.com. ",https://twitter.com/WyandotteDaily,https://www.facebook.com/WyandotteDailyNews,,
Yates Center News,,http://kspress.com/viewRecord.php?recid=429,,,,,,,,,
